courseId,bankName,bankType,evaluationType,scopeType,scopeOrder,question,labelA,labelB,labelC,labelD,isCorrect
cmlf8ui0u0000os5iqlycmegv,Module 1 - Lesson 1 Quiz,QUIZ,QUIZ,LESSON,1,A financial market primarily exists to:,Predict future price direction,Facilitate risk transfer and price discovery,Guarantee profit opportunities,Eliminate volatility,B
cmlf8ui0u0000os5iqlycmegv,Module 1 - Lesson 1 Quiz,QUIZ,QUIZ,LESSON,1,Every executed trade in a financial market requires:,A broker's approval,A price prediction,A counterparty,A news event,C
cmlf8ui0u0000os5iqlycmegv,Module 1 - Lesson 1 Quiz,QUIZ,QUIZ,LESSON,1,The term price discovery refers to:,Random price movement,Broker price adjustment,The process of buyers and sellers agreeing on value,Indicator-based forecasting,C
cmlf8ui0u0000os5iqlycmegv,Module 1 - Lesson 1 Quiz,QUIZ,QUIZ,LESSON,1,Which is NOT a structural component of a financial market?,Participants,Liquidity,Emotional sentiment,Pricing mechanism,C
cmlf8ui0u0000os5iqlycmegv,Module 1 - Lesson 1 Quiz,QUIZ,QUIZ,LESSON,1,The spread in MT5 represents:,Broker commission only,Difference between bid and ask prices,Market manipulation,Future volatility,B
cmlf8ui0u0000os5iqlycmegv,Module 1 - Lesson 1 Quiz,QUIZ,QUIZ,LESSON,1,"If aggressive buying exceeds sell orders, price will likely:",Remain unchanged,Decrease,Increase,Freeze,C
cmlf8ui0u0000os5iqlycmegv,Module 1 - Lesson 1 Quiz,QUIZ,QUIZ,LESSON,1,Why is the broker not the market?,Brokers do not display charts,They provide access to liquidity networks,They set global prices,They eliminate risk,B
cmlf8ui0u0000os5iqlycmegv,Module 1 - Lesson 1 Quiz,QUIZ,QUIZ,LESSON,1,A continuous auction means:,Fixed bidding sessions,Buyers and sellers constantly compete,Daily manual price adjustment,Central banks control trades,B
cmlf8ui0u0000os5iqlycmegv,Module 1 - Lesson 1 Quiz,QUIZ,QUIZ,LESSON,1,If no opposing orders exist:,Price rises,Price falls,No trade occurs,Broker intervenes,C
cmlf8ui0u0000os5iqlycmegv,Module 1 - Lesson 1 Quiz,QUIZ,QUIZ,LESSON,1,Price moves in increments because:,Indicators create movement,Orders execute at discrete levels,Broker delays execution,Markets are emotional,B
cmlf8ui0u0000os5iqlycmegv,Module 1 - Lesson 1 Quiz,QUIZ,QUIZ,LESSON,1,Spread expansion during volatility most likely reflects:,Chart error,Increased liquidity,Reduced liquidity or uncertainty,Retail coordination,C
cmlf8ui0u0000os5iqlycmegv,Module 1 - Lesson 1 Quiz,QUIZ,QUIZ,LESSON,1,Believing the market moved personally ignores:,Randomness,Order interaction,Broker control,Indicator prediction,B
cmlf8ui0u0000os5iqlycmegv,Module 1 - Lesson 1 Quiz,QUIZ,QUIZ,LESSON,1,If price fails to rise despite buying pressure:,Broker rejected orders,Strong sell liquidity exists,No news released,Market closed,B
cmlf8ui0u0000os5iqlycmegv,Module 1 - Lesson 1 Quiz,QUIZ,QUIZ,LESSON,1,Switching from M1 to H1 shows fewer candles because of:,Manipulation,Time aggregation of transactions,Reduced liquidity,Platform distortion,B
cmlf8ui0u0000os5iqlycmegv,Module 1 - Lesson 1 Quiz,QUIZ,QUIZ,LESSON,1,Confusing broker with market leads to:,Better execution,Improved liquidity understanding,Misinterpretation of spread and slippage,Reduced emotion,C
cmlf8ui0u0000os5iqlycmegv,Module 1 - Lesson 2 Quiz,QUIZ,QUIZ,LESSON,2,Which participant group primarily provides liquidity in the FX market?,Retail traders,Commercial and investment banks,Technical analysts,Social trading groups,B
cmlf8ui0u0000os5iqlycmegv,Module 1 - Lesson 2 Quiz,QUIZ,QUIZ,LESSON,2,Corporations typically participate in financial markets to:,Day trade price patterns,Speculate on short-term volatility,Hedge operational exposure,Manipulate currency prices,C
cmlf8ui0u0000os5iqlycmegv,Module 1 - Lesson 2 Quiz,QUIZ,QUIZ,LESSON,2,Hedge funds primarily aim to:,Stabilize currency values,Provide retail education,Generate performance returns within risk limits,Set global interest rates,C
cmlf8ui0u0000os5iqlycmegv,Module 1 - Lesson 2 Quiz,QUIZ,QUIZ,LESSON,2,Central banks influence markets primarily through:,Technical indicators,Monetary policy decisions,Retail volume,Broker spreads,B
cmlf8ui0u0000os5iqlycmegv,Module 1 - Lesson 2 Quiz,QUIZ,QUIZ,LESSON,2,Retail traders access markets mainly through:,Central banks,Direct interbank agreements,Brokerage platforms like MT5,Corporate treasury desks,C
cmlf8ui0u0000os5iqlycmegv,Module 1 - Lesson 2 Quiz,QUIZ,QUIZ,LESSON,2,Why do banks quote both bid and ask prices?,To eliminate competition,To manage inventory risk while facilitating transactions,To predict direction,To guarantee profits,B
cmlf8ui0u0000os5iqlycmegv,Module 1 - Lesson 2 Quiz,QUIZ,QUIZ,LESSON,2,Retail traders do not significantly move major currency pairs because:,They trade emotionally,They lack technical knowledge,Their position sizes are small relative to global liquidity,Brokers restrict orders,C
cmlf8ui0u0000os5iqlycmegv,Module 1 - Lesson 2 Quiz,QUIZ,QUIZ,LESSON,2,Asset managers typically operate on longer horizons because:,They must meet portfolio mandates,They cannot access short-term charts,They avoid volatility entirely,They trade commodities only,A
cmlf8ui0u0000os5iqlycmegv,Module 1 - Lesson 2 Quiz,QUIZ,QUIZ,LESSON,2,"When institutional liquidity withdraws, the likely result is:",Tighter spreads,Reduced volatility,Wider spreads and faster price movement,Guaranteed trend continuation,C
cmlf8ui0u0000os5iqlycmegv,Module 1 - Lesson 2 Quiz,QUIZ,QUIZ,LESSON,2,Retail traders primarily:,Create global liquidity,Consume available liquidity,Set interest rates,Control volatility,B
cmlf8ui0u0000os5iqlycmegv,Module 1 - Lesson 2 Quiz,QUIZ,QUIZ,LESSON,2,Corporations hedge currency exposure to:,Outperform hedge funds,Stabilize operational costs,Increase speculative gains,Influence policy,B
cmlf8ui0u0000os5iqlycmegv,Module 1 - Lesson 2 Quiz,QUIZ,QUIZ,LESSON,2,Rapid price movement during economic announcements most likely reflects:,Retail coordination,Institutional repositioning,Platform malfunction,Indicator activity,B
cmlf8ui0u0000os5iqlycmegv,Module 1 - Lesson 2 Quiz,QUIZ,QUIZ,LESSON,2,Sharp movement during central bank decisions reflects:,Retail coordination,Institutional reaction to monetary policy,Spread miscalculation,Chart error,B
cmlf8ui0u0000os5iqlycmegv,Module 1 - Lesson 2 Quiz,QUIZ,QUIZ,LESSON,2,A sudden spike against a trader most likely reflects:,Retail revenge trading,Large-scale liquidity interaction,Broker distortion,Indicator repainting,B
cmlf8ui0u0000os5iqlycmegv,Module 1 - Lesson 2 Quiz,QUIZ,QUIZ,LESSON,2,Erratic movement during low-liquidity hours reflects:,Retail control,Institutional liquidity withdrawal,Central bank intervention,Fixed pricing,B
cmlf8ui0u0000os5iqlycmegv,Module 1 - Lesson 3 Quiz,QUIZ,QUIZ,LESSON,3,The primary role of a broker is to:,Set global currency prices,Guarantee profitable trades,Provide access to liquidity networks,Eliminate slippage,C
cmlf8ui0u0000os5iqlycmegv,Module 1 - Lesson 3 Quiz,QUIZ,QUIZ,LESSON,3,A Liquidity Provider (LP) is typically:,A retail group,A commercial or investment bank,A technical indicator,A signal service,B
cmlf8ui0u0000os5iqlycmegv,Module 1 - Lesson 3 Quiz,QUIZ,QUIZ,LESSON,3,The spread is defined as:,Broker commission,Difference between high and low,Difference between bid and ask,Margin requirement,C
cmlf8ui0u0000os5iqlycmegv,Module 1 - Lesson 3 Quiz,QUIZ,QUIZ,LESSON,3,Slippage occurs when:,Broker changes account type,Executed price differs from requested price,Market closes,Indicator repaints,B
cmlf8ui0u0000os5iqlycmegv,Module 1 - Lesson 3 Quiz,QUIZ,QUIZ,LESSON,3,Market Execution in MT5 means:,Filled at best available price,Guaranteed requested price,No spread applies,Requotes mandatory,A
cmlf8ui0u0000os5iqlycmegv,Module 1 - Lesson 3 Quiz,QUIZ,QUIZ,LESSON,3,Liquidity providers quote both bid and ask to:,Eliminate competition,Manage inventory risk and facilitate trades,Control retail traders,Avoid volatility,B
cmlf8ui0u0000os5iqlycmegv,Module 1 - Lesson 3 Quiz,QUIZ,QUIZ,LESSON,3,Thin liquidity conditions typically result in:,Tighter spreads,Reduced slippage,Wider spreads and execution variability,Guaranteed stability,C
cmlf8ui0u0000os5iqlycmegv,Module 1 - Lesson 3 Quiz,QUIZ,QUIZ,LESSON,3,The execution path begins when:,Central bank approves order,Trader clicks Buy or Sell in MT5,Broker predicts direction,Spread narrows,B
cmlf8ui0u0000os5iqlycmegv,Module 1 - Lesson 3 Quiz,QUIZ,QUIZ,LESSON,3,Spread widening is most directly influenced by:,Timeframe selection,Increased liquidity depth,Reduced liquidity availability,Indicator signals,C
cmlf8ui0u0000os5iqlycmegv,Module 1 - Lesson 3 Quiz,QUIZ,QUIZ,LESSON,3,Slippage increases during major news because:,Broker delays orders,Liquidity and price levels update rapidly,Retail coordination,Platform freeze,B
cmlf8ui0u0000os5iqlycmegv,Module 1 - Lesson 3 Quiz,QUIZ,QUIZ,LESSON,3,Misunderstanding execution structure may cause traders to:,Improve timing,Misinterpret spread and slippage,Reduce risk exposure,Eliminate volatility,B
cmlf8ui0u0000os5iqlycmegv,Module 1 - Lesson 3 Quiz,QUIZ,QUIZ,LESSON,3,Receiving a different fill price during volatility most likely reflects:,Platform malfunction,Normal slippage due to liquidity shifts,Personal targeting,Indicator repainting,B
cmlf8ui0u0000os5iqlycmegv,Module 1 - Lesson 3 Quiz,QUIZ,QUIZ,LESSON,3,Wider spreads during low-liquidity hours indicate:,Higher liquidity depth,Reduced participation from LPs,Increased stability,Removed execution cost,B
cmlf8ui0u0000os5iqlycmegv,Module 1 - Lesson 3 Quiz,QUIZ,QUIZ,LESSON,3,Order rejection under Instant Execution most likely occurs because:,Requested price unavailable,Market manipulation,Retail blocking execution,Spread absent,A
cmlf8ui0u0000os5iqlycmegv,Module 1 - Lesson 3 Quiz,QUIZ,QUIZ,LESSON,3,Different tick values across instruments affect:,Chart color,Execution speed only,Position sizing and risk exposure,Indicator accuracy,C
cmlf8ui0u0000os5iqlycmegv,Module 1 - Lesson 4 Quiz,QUIZ,QUIZ,LESSON,4,Liquidity in financial markets refers to:,Market prediction accuracy,Availability of executable buy and sell orders,Number of indicators,Broker commission rates,B
cmlf8ui0u0000os5iqlycmegv,Module 1 - Lesson 4 Quiz,QUIZ,QUIZ,LESSON,4,Buy-side liquidity commonly exists:,Below recent lows,Above recent highs,At random levels,Only during news,B
cmlf8ui0u0000os5iqlycmegv,Module 1 - Lesson 4 Quiz,QUIZ,QUIZ,LESSON,4,Sell-side liquidity is typically found:,Above recent highs,Inside indicators,Below recent lows,Only during low volatility,C
cmlf8ui0u0000os5iqlycmegv,Module 1 - Lesson 4 Quiz,QUIZ,QUIZ,LESSON,4,Order flow refers to:,Indicator signals,Interaction between aggressive and resting orders,Central bank announcements,Broker marketing,B
cmlf8ui0u0000os5iqlycmegv,Module 1 - Lesson 4 Quiz,QUIZ,QUIZ,LESSON,4,Price accelerates most rapidly when:,Liquidity is deep,Order flow equal,Available liquidity is consumed quickly,Spread is zero,C
cmlf8ui0u0000os5iqlycmegv,Module 1 - Lesson 4 Quiz,QUIZ,QUIZ,LESSON,4,Equal highs attract price because:,Indicators repaint,Liquidity clusters may exist above them,Brokers prefer round numbers,Volatility disappears,B
cmlf8ui0u0000os5iqlycmegv,Module 1 - Lesson 4 Quiz,QUIZ,QUIZ,LESSON,4,"If aggressive selling overwhelms buy liquidity, price will:",Rise sharply,Remain stable,Decline,Freeze,C
cmlf8ui0u0000os5iqlycmegv,Module 1 - Lesson 4 Quiz,QUIZ,QUIZ,LESSON,4,Thin liquidity conditions result in:,Smaller candles,Slower execution,Faster and larger price movement,Spread elimination,C
cmlf8ui0u0000os5iqlycmegv,Module 1 - Lesson 4 Quiz,QUIZ,QUIZ,LESSON,4,A breakout with rapid expansion indicates:,Personal stop targeting,Liquidity interaction and imbalance,Indicator malfunction,Platform error,B
cmlf8ui0u0000os5iqlycmegv,Module 1 - Lesson 4 Quiz,QUIZ,QUIZ,LESSON,4,Liquidity awareness helps stop placement because it:,Guarantees no loss,Avoids obvious liquidity clusters,Eliminates slippage,Removes volatility,B
cmlf8ui0u0000os5iqlycmegv,Module 1 - Lesson 4 Quiz,QUIZ,QUIZ,LESSON,4,Balanced order flow typically produces:,Large impulses,Tight consolidation ranges,Immediate breakouts,Zero spread,B
cmlf8ui0u0000os5iqlycmegv,Module 1 - Lesson 4 Quiz,QUIZ,QUIZ,LESSON,4,Rapid acceleration above equal highs most likely reflects:,Retail coordination,Liquidity consumption and aggressive buying,Chart distortion,Indicator repainting,B
cmlf8ui0u0000os5iqlycmegv,Module 1 - Lesson 4 Quiz,QUIZ,QUIZ,LESSON,4,Erratic large candles during low-liquidity hours suggest:,Deep liquidity,Balanced flow,Thin liquidity and higher sensitivity,Zero cost trading,C
cmlf8ui0u0000os5iqlycmegv,Module 1 - Lesson 4 Quiz,QUIZ,QUIZ,LESSON,4,Repeated failure at a level indicates:,Lack of liquidity,Strong opposing resting orders,Indicator malfunction,Broker manipulation,B
cmlf8ui0u0000os5iqlycmegv,Module 1 - Lesson 4 Quiz,QUIZ,QUIZ,LESSON,4,Rapid move below lows followed by reversal reflects:,Emotion only,Liquidity interaction followed by opposing flow,Spread removal,Guaranteed trend,B
cmlf8ui0u0000os5iqlycmegv,Module 1 - Lesson 5 Quiz,QUIZ,QUIZ,LESSON,5,Forex instruments are primarily traded in:,Single currencies only,Commodity contracts,Currency pairs,Stock baskets,C
cmlf8ui0u0000os5iqlycmegv,Module 1 - Lesson 5 Quiz,QUIZ,QUIZ,LESSON,5,Gold (XAUUSD) is commonly influenced by:,Agricultural output,Inflation expectations and real interest rates,Corporate earnings only,Retail trading volume,B
cmlf8ui0u0000os5iqlycmegv,Module 1 - Lesson 5 Quiz,QUIZ,QUIZ,LESSON,5,Oil prices are strongly affected by:,OPEC production decisions,Chart colors,Indicator settings,Retail forum discussions,A
cmlf8ui0u0000os5iqlycmegv,Module 1 - Lesson 5 Quiz,QUIZ,QUIZ,LESSON,5,Indices such as NASDAQ represent:,Single currency values,Individual commodities,Baskets of stocks,Central bank reserves,C
cmlf8ui0u0000os5iqlycmegv,Module 1 - Lesson 5 Quiz,QUIZ,QUIZ,LESSON,5,Contract specifications in MT5 determine:,Chart template appearance,Position sizing and tick value,News frequency,Indicator repainting,B
cmlf8ui0u0000os5iqlycmegv,Module 1 - Lesson 5 Quiz,QUIZ,QUIZ,LESSON,5,Major Forex pairs have tighter spreads because they:,Are less traded,Have deeper liquidity,Are broker preferred,Are less volatile,B
cmlf8ui0u0000os5iqlycmegv,Module 1 - Lesson 5 Quiz,QUIZ,QUIZ,LESSON,5,Gold exhibits higher volatility than EURUSD because it is:,Illiquid,Sensitive to macroeconomic shifts and risk sentiment,Retail driven,Spread free,B
cmlf8ui0u0000os5iqlycmegv,Module 1 - Lesson 5 Quiz,QUIZ,QUIZ,LESSON,5,Indices trend strongly during active sessions because they:,Are random,Reflect active equity participation,Eliminate spread,Are retail controlled,B
cmlf8ui0u0000os5iqlycmegv,Module 1 - Lesson 5 Quiz,QUIZ,QUIZ,LESSON,5,Different tick values primarily affect:,Indicator reliability,Spread visibility,Risk exposure per lot,Market closing time,C
cmlf8ui0u0000os5iqlycmegv,Module 1 - Lesson 5 Quiz,QUIZ,QUIZ,LESSON,5,Asset selection must align with account size to:,Eliminate losses,Match volatility with risk capacity,Guarantee direction,Avoid spread,B
cmlf8ui0u0000os5iqlycmegv,Module 1 - Lesson 5 Quiz,QUIZ,QUIZ,LESSON,5,Oil can experience sharp moves because of:,Fixed liquidity,Supply disruptions and geopolitical events,Broker control,Indicator shifts,B
cmlf8ui0u0000os5iqlycmegv,Module 1 - Lesson 5 Quiz,QUIZ,QUIZ,LESSON,5,Gold having a larger tick value than EURUSD means:,Smaller stops required,Price changes impact equity more per lot,Spread irrelevant,No volatility,B
cmlf8ui0u0000os5iqlycmegv,Module 1 - Lesson 5 Quiz,QUIZ,QUIZ,LESSON,5,Trading an index with same lot size as EURUSD causes larger swings due to:,Broker manipulation,Different contract size and volatility,Indicator error,Spread removal,B
cmlf8ui0u0000os5iqlycmegv,Module 1 - Lesson 5 Quiz,QUIZ,QUIZ,LESSON,5,Oil moving sharply during geopolitical tension reflects:,Random pricing,Different asset class drivers,Retail influence,Platform malfunction,B
cmlf8ui0u0000os5iqlycmegv,Module 1 - Lesson 5 Quiz,QUIZ,QUIZ,LESSON,5,Using high lot size on volatile instrument increases risk of:,Stable equity,Increased drawdown variability,Reduced margin usage,Spread elimination,B
cmlf8ui0u0000os5iqlycmegv,Module 2 - Lesson 1 Quiz,QUIZ,QUIZ,LESSON,1,A candlestick represents:,A price prediction model,Aggregated transaction data over a timeframe,Institutional positioning,Indicator calculation,B
cmlf8ui0u0000os5iqlycmegv,Module 2 - Lesson 1 Quiz,QUIZ,QUIZ,LESSON,1,The body of a candlestick represents the range between:,High and Low,Open and Close,Bid and Ask,Spread and Close,B
cmlf8ui0u0000os5iqlycmegv,Module 2 - Lesson 1 Quiz,QUIZ,QUIZ,LESSON,1,The upper wick represents:,The closing price,The opening price,The highest traded price during the timeframe,The lowest traded price during the timeframe,C
cmlf8ui0u0000os5iqlycmegv,Module 2 - Lesson 1 Quiz,QUIZ,QUIZ,LESSON,1,A bullish candlestick forms when:,High equals Low,Close is above Open,Open equals Close,Spread narrows,B
cmlf8ui0u0000os5iqlycmegv,Module 2 - Lesson 1 Quiz,QUIZ,QUIZ,LESSON,1,Candlesticks are built from which four data points?,"Volume, Spread, Open, Close","Open, High, Low, Close","High, Low, Spread, Tick","Bid, Ask, Volume, Close",B
cmlf8ui0u0000os5iqlycmegv,Module 2 - Lesson 1 Quiz,QUIZ,QUIZ,LESSON,1,A long candle body most structurally indicates:,Guaranteed continuation,Strong directional displacement during that timeframe,Low liquidity,Indicator confirmation,B
cmlf8ui0u0000os5iqlycmegv,Module 2 - Lesson 1 Quiz,QUIZ,QUIZ,LESSON,1,Wicks represent:,Broker manipulation,Executed prices not sustained at close,Spread expansion only,Hidden liquidity,B
cmlf8ui0u0000os5iqlycmegv,Module 2 - Lesson 1 Quiz,QUIZ,QUIZ,LESSON,1,A small-bodied candle typically reflects:,Strong trend certainty,Temporary balance between buyers and sellers,High volatility expansion,Institutional reversal,B
cmlf8ui0u0000os5iqlycmegv,Module 2 - Lesson 1 Quiz,QUIZ,QUIZ,LESSON,1,Candlestick color indicates:,Future price direction,Net displacement between open and close,Institutional bias,Spread size,B
cmlf8ui0u0000os5iqlycmegv,Module 2 - Lesson 1 Quiz,QUIZ,QUIZ,LESSON,1,OHLC data forms the structure of:,Indicators only,Spread calculation,Candlestick charts,Liquidity pools,C
cmlf8ui0u0000os5iqlycmegv,Module 2 - Lesson 1 Quiz,QUIZ,QUIZ,LESSON,1,A long upper wick most logically indicates:,Guaranteed bearish reversal,Price traded higher but closed lower than that high,No liquidity,Spread elimination,B
cmlf8ui0u0000os5iqlycmegv,Module 2 - Lesson 1 Quiz,QUIZ,QUIZ,LESSON,1,"On MT5, you observe a candle with a long lower wick and small body. Structurally, this means:",Guaranteed upward reversal,Price traded lower but did not sustain at that level,Spread was removed,Indicator repainting occurred,B
cmlf8ui0u0000os5iqlycmegv,Module 2 - Lesson 1 Quiz,QUIZ,QUIZ,LESSON,1,Switching from M5 to H1 changes candle appearance because:,Price data changes,Time aggregation compresses multiple candles into one,Broker adjusts price,Spread disappears,B
cmlf8ui0u0000os5iqlycmegv,Module 2 - Lesson 1 Quiz,QUIZ,QUIZ,LESSON,1,A bearish candle does NOT guarantee downward continuation because:,Candles are random,"Candles describe completed data, not future movement",Brokers intervene,Spread widens automatically,B
cmlf8ui0u0000os5iqlycmegv,Module 2 - Lesson 1 Quiz,QUIZ,QUIZ,LESSON,1,"If a candle closes near its high, the only confirmed information is:",Future breakout,Institutional entry,Final closing position relative to its range,Guaranteed continuation,C
cmlf8ui0u0000os5iqlycmegv,Module 2 - Lesson 2 Quiz,QUIZ,QUIZ,LESSON,2,A timeframe defines:,Market direction,The duration of data represented by one candlestick,Spread size,Liquidity depth,B
cmlf8ui0u0000os5iqlycmegv,Module 2 - Lesson 2 Quiz,QUIZ,QUIZ,LESSON,2,"On MT5, an H1 candle represents:",1 minute of data,5 minutes of data,1 hour of aggregated transactions,1 day of transactions,C
cmlf8ui0u0000os5iqlycmegv,Module 2 - Lesson 2 Quiz,QUIZ,QUIZ,LESSON,2,Sixty M1 candles are equivalent to:,One M15 candle,One H1 candle,One H4 candle,One D1 candle,B
cmlf8ui0u0000os5iqlycmegv,Module 2 - Lesson 2 Quiz,QUIZ,QUIZ,LESSON,2,Switching timeframes changes:,Historical price,Executed transactions,The visual aggregation of price data,Institutional participation,C
cmlf8ui0u0000os5iqlycmegv,Module 2 - Lesson 2 Quiz,QUIZ,QUIZ,LESSON,2,Higher timeframes generally:,Show more granular detail,Contain fewer candles,Increase price speed,Eliminate volatility,B
cmlf8ui0u0000os5iqlycmegv,Module 2 - Lesson 2 Quiz,QUIZ,QUIZ,LESSON,2,A higher timeframe candle forms by:,Predicting future price,Aggregating multiple lower timeframe candles,Removing volatility,Changing liquidity,B
cmlf8ui0u0000os5iqlycmegv,Module 2 - Lesson 2 Quiz,QUIZ,QUIZ,LESSON,2,Lower timeframes often appear more volatile because they:,Change the market,Display smaller fluctuations in greater detail,Increase liquidity,Reduce spread,B
cmlf8ui0u0000os5iqlycmegv,Module 2 - Lesson 2 Quiz,QUIZ,QUIZ,LESSON,2,"If an H1 candle is bullish, the M5 chart inside that hour may:",Only contain bullish candles,Contain both bullish and bearish candles,Show no volatility,Eliminate spread,B
cmlf8ui0u0000os5iqlycmegv,Module 2 - Lesson 2 Quiz,QUIZ,QUIZ,LESSON,2,Different timeframes do NOT contradict each other because they:,Predict different outcomes,Represent the same transactions at different compression levels,Change liquidity,Alter price history,B
cmlf8ui0u0000os5iqlycmegv,Module 2 - Lesson 2 Quiz,QUIZ,QUIZ,LESSON,2,Selecting a timeframe primarily affects:,Market fundamentals,Data compression level,Institutional behavior,Monetary policy,B
cmlf8ui0u0000os5iqlycmegv,Module 2 - Lesson 2 Quiz,QUIZ,QUIZ,LESSON,2,Lower timeframe “noise” refers to:,Manipulation,Smaller price fluctuations visible due to higher granularity,Spread disappearance,Institutional errors,B
cmlf8ui0u0000os5iqlycmegv,Module 2 - Lesson 2 Quiz,QUIZ,QUIZ,LESSON,2,"You observe a strong bullish H1 candle. On M5 within that same hour, you notice both bullish and bearish candles. This reflects:",Market inconsistency,Normal aggregation of price fluctuations,Indicator repainting,Broker adjustment,B
cmlf8ui0u0000os5iqlycmegv,Module 2 - Lesson 2 Quiz,QUIZ,QUIZ,LESSON,2,Switching from M1 to H4 does NOT change:,Candle size,Data compression,Historical executed prices,Visual appearance,C
cmlf8ui0u0000os5iqlycmegv,Module 2 - Lesson 2 Quiz,QUIZ,QUIZ,LESSON,2,"A trader assumes lower timeframes provide “earlier signals.” Structurally, this belief ignores that:",Lower timeframes predict direction,"Timeframes only change aggregation, not future outcome",Brokers adjust price,Spread disappears,B
cmlf8ui0u0000os5iqlycmegv,Module 2 - Lesson 2 Quiz,QUIZ,QUIZ,LESSON,2,"When switching timeframes in MT5, any change in candle shape is due to:",New market data,Different institutional orders,Different compression of the same transactions,Spread recalculation,C
cmlf8ui0u0000os5iqlycmegv,Module 2 - Lesson 3 Quiz,QUIZ,QUIZ,LESSON,3,OHLC stands for:,"Order, Hedge, Liquidity, Close","Open, High, Low, Close","High, Low, Open, Contract","Open, High, Liquidity, Close",B
cmlf8ui0u0000os5iqlycmegv,Module 2 - Lesson 3 Quiz,QUIZ,QUIZ,LESSON,3,The “Open” price represents:,The highest price in the timeframe,The first executed price in the timeframe,The closing price,The average price,B
cmlf8ui0u0000os5iqlycmegv,Module 2 - Lesson 3 Quiz,QUIZ,QUIZ,LESSON,3,The “Close” price represents:,The final executed price before the timeframe ends,The lowest price,The highest price,The average spread,A
cmlf8ui0u0000os5iqlycmegv,Module 2 - Lesson 3 Quiz,QUIZ,QUIZ,LESSON,3,The “High” of a candle is:,The highest bid price displayed,The highest traded price during the timeframe,The opening price,The closing price,B
cmlf8ui0u0000os5iqlycmegv,Module 2 - Lesson 3 Quiz,QUIZ,QUIZ,LESSON,3,OHLC data forms the foundation of:,Monetary policy,Candlestick charts,Spread calculation only,Broker pricing rules,B
cmlf8ui0u0000os5iqlycmegv,Module 2 - Lesson 3 Quiz,QUIZ,QUIZ,LESSON,3,"During a timeframe, the High and Low are determined by:",Indicator settings,The highest and lowest executed transactions,Broker preference,Spread widening,B
cmlf8ui0u0000os5iqlycmegv,Module 2 - Lesson 3 Quiz,QUIZ,QUIZ,LESSON,3,OHLC data does NOT reveal:,The highest price,The lowest price,The exact sequence of price movement within the timeframe,The closing price,C
cmlf8ui0u0000os5iqlycmegv,Module 2 - Lesson 3 Quiz,QUIZ,QUIZ,LESSON,3,Two candles can have identical OHLC values even if:,Liquidity changes,The intraperiod price path differed,Spread disappears,Volume is zero,B
cmlf8ui0u0000os5iqlycmegv,Module 2 - Lesson 3 Quiz,QUIZ,QUIZ,LESSON,3,"If Close is above Open, the candle is considered:",Neutral,Bearish,Bullish,Illiquid,C
cmlf8ui0u0000os5iqlycmegv,Module 2 - Lesson 3 Quiz,QUIZ,QUIZ,LESSON,3,Higher timeframe OHLC values are formed by:,Recalculating price,Aggregating lower timeframe transactions,Removing volatility,Adjusting spread,B
cmlf8ui0u0000os5iqlycmegv,Module 2 - Lesson 3 Quiz,QUIZ,QUIZ,LESSON,3,A candle closing near its low confirms:,Future downward continuation,The final price relative to the candle’s range,Institutional dominance,Spread expansion,B
cmlf8ui0u0000os5iqlycmegv,Module 2 - Lesson 3 Quiz,QUIZ,QUIZ,LESSON,3,"On MT5, you check the Data Window of an H1 candle. The High is greater than any M5 candle inside that hour. This indicates:",Data inconsistency,Aggregation error,The H1 High reflects the highest traded price during that hour,Broker adjustment,C
cmlf8ui0u0000os5iqlycmegv,Module 2 - Lesson 3 Quiz,QUIZ,QUIZ,LESSON,3,"Two H1 candles show identical OHLC values on different days. Structurally, this means:",The intraperiod price movement was identical,Only the four data points matched,Spread was constant,Volatility was zero,B
cmlf8ui0u0000os5iqlycmegv,Module 2 - Lesson 3 Quiz,QUIZ,QUIZ,LESSON,3,A trader assumes a candle that closes near its high guarantees continuation. This belief ignores that:,Candles are random,"OHLC describes completed data, not future price",Spread widens automatically,Brokers intervene,B
cmlf8ui0u0000os5iqlycmegv,Module 2 - Lesson 3 Quiz,QUIZ,QUIZ,LESSON,3,"If the Low of an H1 candle equals the Low of one of its M5 candles, this confirms:",Aggregation consistency,Indicator repainting,Spread elimination,Institutional targeting,A
cmlf8ui0u0000os5iqlycmegv,Module 2 - Lesson 4 Quiz,QUIZ,QUIZ,LESSON,4,The Forex market operates:,Only during London hours,"24 hours a day, Monday to Friday",Only during New York hours,Only during Asia session,B
cmlf8ui0u0000os5iqlycmegv,Module 2 - Lesson 4 Quiz,QUIZ,QUIZ,LESSON,4,The three major trading sessions are:,"Asia, Europe, America","Tokyo, Frankfurt, Chicago","Asia, London, New York","Sydney, Paris, Canada",C
cmlf8ui0u0000os5iqlycmegv,Module 2 - Lesson 4 Quiz,QUIZ,QUIZ,LESSON,4,The London session is generally known for:,Lowest liquidity,Highest liquidity in Forex,Zero volatility,Market closure,B
cmlf8ui0u0000os5iqlycmegv,Module 2 - Lesson 4 Quiz,QUIZ,QUIZ,LESSON,4,The London–New York overlap typically results in:,Reduced liquidity,Increased participation from major institutions,Market shutdown,Fixed spreads,B
cmlf8ui0u0000os5iqlycmegv,Module 2 - Lesson 4 Quiz,QUIZ,QUIZ,LESSON,4,The Asia session is commonly associated with:,Extremely high volatility in major FX pairs,Generally lower volatility compared to London,Market closure,Zero liquidity,B
cmlf8ui0u0000os5iqlycmegv,Module 2 - Lesson 4 Quiz,QUIZ,QUIZ,LESSON,4,Liquidity increases when a major financial center opens because:,Indicators activate,Institutional participation rises,Spread disappears,Brokers adjust pricing,B
cmlf8ui0u0000os5iqlycmegv,Module 2 - Lesson 4 Quiz,QUIZ,QUIZ,LESSON,4,Session overlap periods often show stronger price movement due to:,Retail coordination,Increased simultaneous institutional activity,Indicator recalculation,Spread elimination,B
cmlf8ui0u0000os5iqlycmegv,Module 2 - Lesson 4 Quiz,QUIZ,QUIZ,LESSON,4,A session opening does NOT guarantee:,Increased participation,Directional breakout,Higher liquidity,Larger candle potential,B
cmlf8ui0u0000os5iqlycmegv,Module 2 - Lesson 4 Quiz,QUIZ,QUIZ,LESSON,4,Reduced volatility late in the New York session typically reflects:,Increased institutional flow,Declining participation and liquidity,Market manipulation,Spread elimination,B
cmlf8ui0u0000os5iqlycmegv,Module 2 - Lesson 4 Quiz,QUIZ,QUIZ,LESSON,4,Volatility during sessions is influenced by:,Candle color,Economic releases and institutional activity,Indicator settings,Retail forums,B
cmlf8ui0u0000os5iqlycmegv,Module 2 - Lesson 4 Quiz,QUIZ,QUIZ,LESSON,4,Session structure primarily affects:,Monetary policy,Liquidity conditions,Contract specifications,Historical price,B
cmlf8ui0u0000os5iqlycmegv,Module 2 - Lesson 4 Quiz,QUIZ,QUIZ,LESSON,4,"You observe larger candles forming at London open on MT5. Structurally, this most likely reflects:",Indicator repainting,Increased liquidity and participation,Spread elimination,Guaranteed trend,B
cmlf8ui0u0000os5iqlycmegv,Module 2 - Lesson 4 Quiz,QUIZ,QUIZ,LESSON,4,"During late New York hours, you notice smaller candle ranges and slower movement. This most logically indicates:",Institutional manipulation,Reduced participation and liquidity,Indicator malfunction,Market closure,B
cmlf8ui0u0000os5iqlycmegv,Module 2 - Lesson 4 Quiz,QUIZ,QUIZ,LESSON,4,A trader expects a breakout every London open. This expectation ignores that:,London is random,"Sessions influence liquidity, not guaranteed direction",Brokers intervene,Spread disappears automatically,B
cmlf8ui0u0000os5iqlycmegv,Module 2 - Lesson 4 Quiz,QUIZ,QUIZ,LESSON,4,You compare Asia session candles with London session candles on MT5 and observe larger average ranges during London. This difference most directly reflects:,Market inconsistency,Higher liquidity and institutional activity,Indicator recalculation,Spread elimination,B
cmlf8ui0u0000os5iqlycmegv,Module 2 - Lesson 5 Quiz,QUIZ,QUIZ,LESSON,5,Volatility refers to:,Market direction,Degree of price fluctuation,Indicator sensitivity,Broker spread only,B
cmlf8ui0u0000os5iqlycmegv,Module 2 - Lesson 5 Quiz,QUIZ,QUIZ,LESSON,5,Volatility expansion is characterized by:,Smaller candle ranges,Narrow price movement,Larger price displacement,Zero liquidity,C
cmlf8ui0u0000os5iqlycmegv,Module 2 - Lesson 5 Quiz,QUIZ,QUIZ,LESSON,5,Volatility contraction typically shows:,Large impulsive candles,Tight consolidation and smaller ranges,Guaranteed breakout,Spread elimination,B
cmlf8ui0u0000os5iqlycmegv,Module 2 - Lesson 5 Quiz,QUIZ,QUIZ,LESSON,5,Volatility measures:,Direction only,Speed and range of price movement,Institutional positioning,Spread width only,B
cmlf8ui0u0000os5iqlycmegv,Module 2 - Lesson 5 Quiz,QUIZ,QUIZ,LESSON,5,High volatility increases:,Certainty of profit,Both potential reward and potential risk,Spread elimination,Market stability,B
cmlf8ui0u0000os5iqlycmegv,Module 2 - Lesson 5 Quiz,QUIZ,QUIZ,LESSON,5,Volatility expansion often reflects:,Indicator malfunction,Order imbalance and increased participation,Spread disappearance,Market closure,B
cmlf8ui0u0000os5iqlycmegv,Module 2 - Lesson 5 Quiz,QUIZ,QUIZ,LESSON,5,Volatility contraction may indicate:,Strong guaranteed trend,Temporary balance between buyers and sellers,Institutional withdrawal permanently,Elimination of liquidity,B
cmlf8ui0u0000os5iqlycmegv,Module 2 - Lesson 5 Quiz,QUIZ,QUIZ,LESSON,5,Volatility is timeframe dependent because:,Price changes across timeframes,Data compression alters perception of fluctuation,Spread disappears on higher timeframes,Institutional activity stops,B
cmlf8ui0u0000os5iqlycmegv,Module 2 - Lesson 5 Quiz,QUIZ,QUIZ,LESSON,5,A highly volatile market does NOT guarantee:,Larger candle ranges,Increased risk exposure,Directional certainty,Faster movement,C
cmlf8ui0u0000os5iqlycmegv,Module 2 - Lesson 5 Quiz,QUIZ,QUIZ,LESSON,5,Liquidity thinning during news events often leads to:,Reduced volatility,Faster price displacement,Spread elimination,Indicator repainting,B
cmlf8ui0u0000os5iqlycmegv,Module 2 - Lesson 5 Quiz,QUIZ,QUIZ,LESSON,5,Asset classes differ in volatility because they:,Use different indicators,Respond to different drivers and participation levels,Remove spread,Have identical liquidity profiles,B
cmlf8ui0u0000os5iqlycmegv,Module 2 - Lesson 5 Quiz,QUIZ,QUIZ,LESSON,5,"On MT5, you observe a shift from small candles to large impulsive candles. This most likely reflects:",Indicator repainting,Volatility expansion,Spread elimination,Chart malfunction,B
cmlf8ui0u0000os5iqlycmegv,Module 2 - Lesson 5 Quiz,QUIZ,QUIZ,LESSON,5,A trader increases lot size during high volatility without adjusting risk. The most probable outcome is:,Stable equity,Increased drawdown variability,Spread elimination,Guaranteed profit,B
cmlf8ui0u0000os5iqlycmegv,Module 2 - Lesson 5 Quiz,QUIZ,QUIZ,LESSON,5,"Comparing EURUSD and Gold on MT5, you observe larger average candle ranges on Gold. This indicates:",Market inconsistency,Higher inherent volatility profile,Indicator malfunction,Spread removal,B
cmlf8ui0u0000os5iqlycmegv,Module 2 - Lesson 5 Quiz,QUIZ,QUIZ,LESSON,5,A trader interprets high volatility as “easy opportunity.” This interpretation ignores that:,Volatility reduces risk,Volatility increases both opportunity and exposure,Spread disappears,Direction becomes certain,B
cmlf8ui0u0000os5iqlycmegv,Module 3 - Lesson 1 Quiz,QUIZ,QUIZ,LESSON,1,A Higher High (HH) occurs when:,Price closes above the previous candle,A new high forms above the previous significant high,Spread narrows,A bullish candle forms,B
cmlf8ui0u0000os5iqlycmegv,Module 3 - Lesson 1 Quiz,QUIZ,QUIZ,LESSON,1,A Higher Low (HL) occurs when:,Price forms a low above the previous significant low,Price forms a low below the previous low,A bearish candle appears,Spread widens,A
cmlf8ui0u0000os5iqlycmegv,Module 3 - Lesson 1 Quiz,QUIZ,QUIZ,LESSON,1,A Lower Low (LL) occurs when:,Price retraces upward,A new low forms below the previous significant low,A candle closes higher,Volatility contracts,B
cmlf8ui0u0000os5iqlycmegv,Module 3 - Lesson 1 Quiz,QUIZ,QUIZ,LESSON,1,A Lower High (LH) occurs when:,Price breaks above resistance,A new high forms above prior high,Price retraces upward but fails to exceed the previous high,A bullish candle forms,C
cmlf8ui0u0000os5iqlycmegv,Module 3 - Lesson 1 Quiz,QUIZ,QUIZ,LESSON,1,Market structure is defined by:,Indicator settings,Candle color,Sequence of swing highs and lows,Spread movement,C
cmlf8ui0u0000os5iqlycmegv,Module 3 - Lesson 1 Quiz,QUIZ,QUIZ,LESSON,1,An uptrend structurally requires:,Large bullish candles,HH and HL sequence,High volatility,Narrow spread,B
cmlf8ui0u0000os5iqlycmegv,Module 3 - Lesson 1 Quiz,QUIZ,QUIZ,LESSON,1,A downtrend structurally requires:,LL and LH sequence,HH and HL sequence,Equal highs,Volatility contraction,A
cmlf8ui0u0000os5iqlycmegv,Module 3 - Lesson 1 Quiz,QUIZ,QUIZ,LESSON,1,A single Higher High without a Higher Low does NOT confirm:,Price movement,Structural sequence,Volatility,Liquidity,B
cmlf8ui0u0000os5iqlycmegv,Module 3 - Lesson 1 Quiz,QUIZ,QUIZ,LESSON,1,Structure is determined by:,Relationship between consecutive swing points,Single candle size,Spread behavior,Indicator crossover,A
cmlf8ui0u0000os5iqlycmegv,Module 3 - Lesson 1 Quiz,QUIZ,QUIZ,LESSON,1,"If price forms LL followed by LH, this most directly indicates:",Uptrend,Downward structural progression,Range,Breakout guarantee,B
cmlf8ui0u0000os5iqlycmegv,Module 3 - Lesson 1 Quiz,QUIZ,QUIZ,LESSON,1,Structure requires at least:,One candle,One swing,Two confirmed swing points for comparison,High volatility,C
cmlf8ui0u0000os5iqlycmegv,Module 3 - Lesson 1 Quiz,QUIZ,QUIZ,LESSON,1,"On MT5, you observe price forming HH → HL → HH. Structurally, this indicates:",Guaranteed continuation,Upward structural progression,Immediate reversal,Spread elimination,B
cmlf8ui0u0000os5iqlycmegv,Module 3 - Lesson 1 Quiz,QUIZ,QUIZ,LESSON,1,"If price forms a new high but then breaks below the prior swing low, the previous HH alone does NOT confirm:",Volatility,Spread expansion,Sustained upward structure,Candle formation,C
cmlf8ui0u0000os5iqlycmegv,Module 3 - Lesson 1 Quiz,QUIZ,QUIZ,LESSON,1,A trader labels every small fluctuation as HH or LL. This mistake most likely results in:,Better structural clarity,Overcomplication and structural misinterpretation,Reduced volatility,Spread stability,B
cmlf8ui0u0000os5iqlycmegv,Module 3 - Lesson 1 Quiz,QUIZ,QUIZ,LESSON,1,A single large bearish candle inside an uptrend does NOT automatically create:,Volatility,Downtrend structure,Price displacement,Lower spread,B
cmlf8ui0u0000os5iqlycmegv,Module 3 - Lesson 2 Quiz,QUIZ,QUIZ,LESSON,2,A structural trend requires:,Large candles,Consistent HH/HL or LL/LH sequence,High volatility,Indicator confirmation,B
cmlf8ui0u0000os5iqlycmegv,Module 3 - Lesson 2 Quiz,QUIZ,QUIZ,LESSON,2,A range is characterized by:,Continuous higher highs,Continuous lower lows,Oscillation between defined boundaries,Guaranteed breakout,C
cmlf8ui0u0000os5iqlycmegv,Module 3 - Lesson 2 Quiz,QUIZ,QUIZ,LESSON,2,An uptrend structurally consists of:,LL and LH,HH and HL,Equal highs only,Large bullish candles,B
cmlf8ui0u0000os5iqlycmegv,Module 3 - Lesson 2 Quiz,QUIZ,QUIZ,LESSON,2,A downtrend structurally consists of:,HH and HL,Equal highs,LL and LH,Small candles,C
cmlf8ui0u0000os5iqlycmegv,Module 3 - Lesson 2 Quiz,QUIZ,QUIZ,LESSON,2,A single break of range boundary does NOT automatically confirm:,Volatility,Structural state,New confirmed trend,Price movement,C
cmlf8ui0u0000os5iqlycmegv,Module 3 - Lesson 2 Quiz,QUIZ,QUIZ,LESSON,2,A trend differs from a range because it shows:,Horizontal oscillation,Structural progression beyond prior extremes,Equal highs and lows,Spread contraction,B
cmlf8ui0u0000os5iqlycmegv,Module 3 - Lesson 2 Quiz,QUIZ,QUIZ,LESSON,2,A ranging market typically shows:,Strong displacement in one direction,Repeated rejection of upper and lower boundaries,Continuous HH formation,Continuous LL formation,B
cmlf8ui0u0000os5iqlycmegv,Module 3 - Lesson 2 Quiz,QUIZ,QUIZ,LESSON,2,Trend identification requires:,One strong candle,Structural sequence confirmation,Spread narrowing,Indicator crossover,B
cmlf8ui0u0000os5iqlycmegv,Module 3 - Lesson 2 Quiz,QUIZ,QUIZ,LESSON,2,A market that forms HH but fails to create HL may indicate:,Fully confirmed trend,Incomplete structural sequence,Guaranteed reversal,Spread elimination,B
cmlf8ui0u0000os5iqlycmegv,Module 3 - Lesson 2 Quiz,QUIZ,QUIZ,LESSON,2,Structural state is:,Independent of timeframe,Always identical across timeframes,Timeframe dependent,Determined by volatility only,C
cmlf8ui0u0000os5iqlycmegv,Module 3 - Lesson 2 Quiz,QUIZ,QUIZ,LESSON,2,A range can transition into a trend when:,Price forms consistent directional sequence beyond boundaries,Candle color changes,Spread narrows,Volatility disappears,A
cmlf8ui0u0000os5iqlycmegv,Module 3 - Lesson 2 Quiz,QUIZ,QUIZ,LESSON,2,"On MT5, price oscillates between two levels for several days without forming HH/HL or LL/LH. Structurally, this most likely represents:",Uptrend,Downtrend,Range,Guaranteed breakout,C
cmlf8ui0u0000os5iqlycmegv,Module 3 - Lesson 2 Quiz,QUIZ,QUIZ,LESSON,2,"You observe a break above a range high but price quickly returns inside the range. Structurally, this suggests:",Confirmed new uptrend,Structural continuation,Break alone does not confirm new trend,Spread elimination,C
cmlf8ui0u0000os5iqlycmegv,Module 3 - Lesson 2 Quiz,QUIZ,QUIZ,LESSON,2,"On H1, structure shows HH/HL sequence, but on M5 price appears rotational. This indicates:",Market inconsistency,Structural state differs by timeframe,Indicator malfunction,Spread distortion,B
cmlf8ui0u0000os5iqlycmegv,Module 3 - Lesson 2 Quiz,QUIZ,QUIZ,LESSON,2,A trader assumes every range must break strongly. This assumption ignores that:,Ranges guarantee breakout,Structural state does not guarantee timing or direction,Spread eliminates risk,Volatility disappears,B
cmlf8ui0u0000os5iqlycmegv,Module 3 - Lesson 3 Quiz,QUIZ,QUIZ,LESSON,3,A swing high is defined as:,Any bullish candle,A high preceded and followed by lower highs,The highest price of the day,A large candle,B
cmlf8ui0u0000os5iqlycmegv,Module 3 - Lesson 3 Quiz,QUIZ,QUIZ,LESSON,3,A swing low is defined as:,A low preceded and followed by higher lows,Any bearish candle,The lowest price of the session,A candle with long wick,A
cmlf8ui0u0000os5iqlycmegv,Module 3 - Lesson 3 Quiz,QUIZ,QUIZ,LESSON,3,A swing point becomes confirmed when:,A candle forms,Price moves away in the opposite direction,Spread narrows,Volume increases,B
cmlf8ui0u0000os5iqlycmegv,Module 3 - Lesson 3 Quiz,QUIZ,QUIZ,LESSON,3,Swings are used to define:,Indicator signals,Structural sequence,Spread behavior,Economic releases,B
cmlf8ui0u0000os5iqlycmegv,Module 3 - Lesson 3 Quiz,QUIZ,QUIZ,LESSON,3,Not every small fluctuation qualifies as:,Volatility,Liquidity,Structural swing,Candle formation,C
cmlf8ui0u0000os5iqlycmegv,Module 3 - Lesson 3 Quiz,QUIZ,QUIZ,LESSON,3,A swing high cannot be confirmed until:,The candle closes bullish,Price forms a lower high afterward,Spread widens,Volume decreases,B
cmlf8ui0u0000os5iqlycmegv,Module 3 - Lesson 3 Quiz,QUIZ,QUIZ,LESSON,3,Two traders may identify different swings because:,Market changes,Timeframe selection affects swing visibility,Spread varies,Broker adjusts price,B
cmlf8ui0u0000os5iqlycmegv,Module 3 - Lesson 3 Quiz,QUIZ,QUIZ,LESSON,3,Higher timeframe swings generally represent:,Smaller fluctuations,Larger structural significance,Spread contraction,Indicator signals,B
cmlf8ui0u0000os5iqlycmegv,Module 3 - Lesson 3 Quiz,QUIZ,QUIZ,LESSON,3,Prematurely labeling a swing may lead to:,Structural clarity,Structural misinterpretation,Reduced volatility,Spread stability,B
cmlf8ui0u0000os5iqlycmegv,Module 3 - Lesson 3 Quiz,QUIZ,QUIZ,LESSON,3,Swings form the reference points for identifying:,Spread changes,HH/HL/LL/LH sequence,Indicator crossovers,Economic events,B
cmlf8ui0u0000os5iqlycmegv,Module 3 - Lesson 3 Quiz,QUIZ,QUIZ,LESSON,3,Minor intraperiod peaks on lower timeframes may not qualify as structural swings because they:,Occur too quickly,Lack meaningful displacement,Have small candles,Always reverse,B
cmlf8ui0u0000os5iqlycmegv,Module 3 - Lesson 3 Quiz,QUIZ,QUIZ,LESSON,3,"On MT5 H1, a visible peak forms but price continues upward without forming a lower high. This peak is:",Confirmed swing high,Unconfirmed potential swing,BOS,CHoCH,B
cmlf8ui0u0000os5iqlycmegv,Module 3 - Lesson 3 Quiz,QUIZ,QUIZ,LESSON,3,"On M15, you identify multiple small swings inside one H1 swing. This reflects:",Market inconsistency,Timeframe-dependent structural granularity,Indicator repainting,Spread distortion,B
cmlf8ui0u0000os5iqlycmegv,Module 3 - Lesson 3 Quiz,QUIZ,QUIZ,LESSON,3,"If price forms a trough and then clearly moves upward forming higher highs afterward, the trough becomes:",Minor fluctuation,Confirmed swing low,BOS,Volatility spike,B
cmlf8ui0u0000os5iqlycmegv,Module 3 - Lesson 3 Quiz,QUIZ,QUIZ,LESSON,3,A trader labeling every small M1 fluctuation as a swing most likely results in:,Cleaner structure,Structural confusion and overanalysis,Reduced volatility,Spread consistency,B
cmlf8ui0u0000os5iqlycmegv,Module 3 - Lesson 4 Quiz,QUIZ,QUIZ,LESSON,4,Break of Structure (BOS) occurs when:,A candle changes color,Price breaks a confirmed structural swing in the direction of the prevailing trend,Volatility increases,Spread narrows,B
cmlf8ui0u0000os5iqlycmegv,Module 3 - Lesson 4 Quiz,QUIZ,QUIZ,LESSON,4,"In an uptrend, a bullish BOS occurs when price breaks:",The most recent Higher Low,The most recent Higher High,Any candle high,A minor fluctuation,B
cmlf8ui0u0000os5iqlycmegv,Module 3 - Lesson 4 Quiz,QUIZ,QUIZ,LESSON,4,"In a downtrend, a bearish BOS occurs when price breaks:",The most recent Lower High,The most recent Lower Low,Any bullish candle,Equal highs,B
cmlf8ui0u0000os5iqlycmegv,Module 3 - Lesson 4 Quiz,QUIZ,QUIZ,LESSON,4,"At Level 1, BOS confirmation requires:",Intrabar break,Indicator crossover,Closed-bar confirmation beyond the swing,News release,C
cmlf8ui0u0000os5iqlycmegv,Module 3 - Lesson 4 Quiz,QUIZ,QUIZ,LESSON,4,BOS primarily confirms:,Guaranteed profit,Structural continuation,Reversal certainty,Spread elimination,B
cmlf8ui0u0000os5iqlycmegv,Module 3 - Lesson 4 Quiz,QUIZ,QUIZ,LESSON,4,A strong candle inside a range does NOT qualify as BOS unless:,It has large volume,It breaks a confirmed structural swing,It forms during London session,Spread contracts,B
cmlf8ui0u0000os5iqlycmegv,Module 3 - Lesson 4 Quiz,QUIZ,QUIZ,LESSON,4,BOS differs from random volatility because it:,Occurs only during news,Breaks a structural reference point,Requires large candles,Happens every session,B
cmlf8ui0u0000os5iqlycmegv,Module 3 - Lesson 4 Quiz,QUIZ,QUIZ,LESSON,4,"If price breaks above a prior swing high in an uptrend, this most directly confirms:",New reversal,Structural continuation,Market closure,Spread widening,B
cmlf8ui0u0000os5iqlycmegv,Module 3 - Lesson 4 Quiz,QUIZ,QUIZ,LESSON,4,BOS must be evaluated relative to:,Indicator settings,Timeframe context,Spread size,Candle color,B
cmlf8ui0u0000os5iqlycmegv,Module 3 - Lesson 4 Quiz,QUIZ,QUIZ,LESSON,4,A break that fails to close beyond a swing level:,Automatically qualifies as BOS,Does not confirm BOS at Level 1,Confirms reversal,Eliminates structure,B
cmlf8ui0u0000os5iqlycmegv,Module 3 - Lesson 4 Quiz,QUIZ,QUIZ,LESSON,4,BOS strengthens the current structural sequence but does NOT guarantee:,Continuation potential,Future movement certainty,Structural progression,Swing validation,B
cmlf8ui0u0000os5iqlycmegv,Module 3 - Lesson 4 Quiz,QUIZ,QUIZ,LESSON,4,"On MT5 H1, price forms HH → HL → HH, and then closes above the previous HH. Structurally, this is:",CHoCH,BOS,Range,Volatility spike only,B
cmlf8ui0u0000os5iqlycmegv,Module 3 - Lesson 4 Quiz,QUIZ,QUIZ,LESSON,4,"Price briefly trades above a prior swing high but closes back below it. At Level 1, this is:",Confirmed BOS,CHoCH,Not confirmed BOS,Guaranteed continuation,C
cmlf8ui0u0000os5iqlycmegv,Module 3 - Lesson 4 Quiz,QUIZ,QUIZ,LESSON,4,"On M15, you observe BOS, but on H1 structure remains unchanged. This demonstrates:",Market inconsistency,Timeframe-dependent structural scope,Indicator malfunction,Spread distortion,B
cmlf8ui0u0000os5iqlycmegv,Module 3 - Lesson 4 Quiz,QUIZ,QUIZ,LESSON,4,A trader assumes every BOS must lead to strong trend acceleration. This assumption ignores that:,BOS eliminates risk,Structural confirmation does not guarantee future magnitude,Spread disappears,Volatility contracts,B
cmlf8ui0u0000os5iqlycmegv,Module 3 - Lesson 5 Quiz,QUIZ,QUIZ,LESSON,5,Change of Character (CHoCH) occurs when:,Price continues trend,Price breaks structure in the direction of the trend,Price breaks a structural swing against the prevailing trend,Volatility increases,C
cmlf8ui0u0000os5iqlycmegv,Module 3 - Lesson 5 Quiz,QUIZ,QUIZ,LESSON,5,"In an uptrend, a bearish CHoCH occurs when price breaks:",The most recent Higher High,The most recent Higher Low,Any bullish candle,Equal highs,B
cmlf8ui0u0000os5iqlycmegv,Module 3 - Lesson 5 Quiz,QUIZ,QUIZ,LESSON,5,"In a downtrend, a bullish CHoCH occurs when price breaks:",The most recent Lower Low,The most recent Lower High,Any bearish candle,Equal lows,B
cmlf8ui0u0000os5iqlycmegv,Module 3 - Lesson 5 Quiz,QUIZ,QUIZ,LESSON,5,CHoCH primarily signals:,Guaranteed reversal,Structural violation,Spread elimination,Indicator crossover,B
cmlf8ui0u0000os5iqlycmegv,Module 3 - Lesson 5 Quiz,QUIZ,QUIZ,LESSON,5,"At Level 1, CHoCH must be confirmed using:",Intrabar break,Indicator confirmation,Closed-bar break beyond confirmed swing,News release,C
cmlf8ui0u0000os5iqlycmegv,Module 3 - Lesson 5 Quiz,QUIZ,QUIZ,LESSON,5,CHoCH differs from BOS because it:,Confirms continuation,Breaks structure in the direction of existing trend,Challenges existing structural sequence,Requires volatility expansion,C
cmlf8ui0u0000os5iqlycmegv,Module 3 - Lesson 5 Quiz,QUIZ,QUIZ,LESSON,5,"After a CHoCH occurs, the market may:",Immediately reverse,Transition into range,Resume prior trend,Any of the above,D
cmlf8ui0u0000os5iqlycmegv,Module 3 - Lesson 5 Quiz,QUIZ,QUIZ,LESSON,5,A single CHoCH does NOT confirm:,Structural disruption,Trend certainty in opposite direction,Swing violation,Sequence interruption,B
cmlf8ui0u0000os5iqlycmegv,Module 3 - Lesson 5 Quiz,QUIZ,QUIZ,LESSON,5,"For a new uptrend to be confirmed after bearish CHoCH, price must:",Form consistent HH and HL sequence,Form one bullish candle,Increase volatility,Narrow spread,A
cmlf8ui0u0000os5iqlycmegv,Module 3 - Lesson 5 Quiz,QUIZ,QUIZ,LESSON,5,CHoCH is timeframe dependent because:,Price changes across charts,Structural swings differ by aggregation level,Spread disappears,Indicators adjust,B
cmlf8ui0u0000os5iqlycmegv,Module 3 - Lesson 5 Quiz,QUIZ,QUIZ,LESSON,5,Breaking a minor fluctuation rather than a confirmed swing:,Automatically qualifies as CHoCH,Does not qualify as valid CHoCH,Confirms new trend,Eliminates structure,B
cmlf8ui0u0000os5iqlycmegv,Module 3 - Lesson 5 Quiz,QUIZ,QUIZ,LESSON,5,"On MT5 H1, price forms HH → HL → HH, then closes below the most recent HL. Structurally, this is:",BOS,CHoCH,Range,Volatility spike only,B
cmlf8ui0u0000os5iqlycmegv,Module 3 - Lesson 5 Quiz,QUIZ,QUIZ,LESSON,5,"Price briefly dips below a Higher Low but closes back above it. At Level 1, this is:",Confirmed CHoCH,BOS,Not confirmed CHoCH,Guaranteed reversal,C
cmlf8ui0u0000os5iqlycmegv,Module 3 - Lesson 5 Quiz,QUIZ,QUIZ,LESSON,5,"On M15, CHoCH appears, but on H1 structure remains intact. This indicates:",Market inconsistency,Timeframe-dependent structural scope,Indicator malfunction,Spread distortion,B
cmlf8ui0u0000os5iqlycmegv,Module 3 - Lesson 5 Quiz,QUIZ,QUIZ,LESSON,5,A trader assumes CHoCH guarantees reversal trade opportunity. This assumption ignores that:,CHoCH eliminates risk,Structural violation does not guarantee directional continuation,Spread narrows,Volatility contracts,B
cmlf8ui0u0000os5iqlycmegv,Module 4 - Lesson 1 Quiz,QUIZ,QUIZ,LESSON,1,Equal highs occur when two or more swing highs form at approximately the same price level.,TRUE,FALSE,Only in trends,Only in ranges,A
cmlf8ui0u0000os5iqlycmegv,Module 4 - Lesson 1 Quiz,QUIZ,QUIZ,LESSON,1,Equal lows occur when two or more swing lows align at approximately the same price level.,TRUE,FALSE,Only during news,Only on M1,A
cmlf8ui0u0000os5iqlycmegv,Module 4 - Lesson 1 Quiz,QUIZ,QUIZ,LESSON,1,Equal highs and equal lows primarily indicate potential liquidity clustering.,TRUE,FALSE,Guaranteed breakout,Indicator signal,A
cmlf8ui0u0000os5iqlycmegv,Module 4 - Lesson 1 Quiz,QUIZ,QUIZ,LESSON,1,Equal levels should be treated as approximate zones rather than exact pip-precise lines.,TRUE,FALSE,Exact lines only,Immediate entry levels,A
cmlf8ui0u0000os5iqlycmegv,Module 4 - Lesson 1 Quiz,QUIZ,QUIZ,LESSON,1,Liquidity refers to the availability of executable orders in the market.,TRUE,FALSE,Spread size,Indicator strength,A
cmlf8ui0u0000os5iqlycmegv,Module 4 - Lesson 1 Quiz,QUIZ,QUIZ,LESSON,1,Equal highs may contain clustered stop-loss and stop-entry orders.,TRUE,FALSE,Only limit orders,No orders,A
cmlf8ui0u0000os5iqlycmegv,Module 4 - Lesson 1 Quiz,QUIZ,QUIZ,LESSON,1,The presence of equal highs guarantees directional breakout.,TRUE,FALSE,Only in ranges,Only in trends,B
cmlf8ui0u0000os5iqlycmegv,Module 4 - Lesson 1 Quiz,QUIZ,QUIZ,LESSON,1,Equal lows in a range are commonly found near range boundaries.,TRUE,FALSE,At midpoint only,Randomly,A
cmlf8ui0u0000os5iqlycmegv,Module 4 - Lesson 1 Quiz,QUIZ,QUIZ,LESSON,1,Treating equal highs as guaranteed breakout levels may create emotional bias.,TRUE,FALSE,Improves discipline,Reduces risk,A
cmlf8ui0u0000os5iqlycmegv,Module 4 - Lesson 1 Quiz,QUIZ,QUIZ,LESSON,1,Equal levels influence order placement behavior because traders cluster stops around visible structure.,TRUE,FALSE,Only institutions place stops,Stops are random,A
cmlf8ui0u0000os5iqlycmegv,Module 4 - Lesson 1 Quiz,QUIZ,QUIZ,LESSON,1,Higher timeframe equal highs generally carry broader structural relevance.,TRUE,FALSE,Less relevance,No relevance,A
cmlf8ui0u0000os5iqlycmegv,Module 4 - Lesson 1 Quiz,QUIZ,QUIZ,LESSON,1,"On MT5 H1, price forms two swing highs at similar levels and approaches again. Structurally this area most likely represents liquidity concentration.",TRUE,FALSE,Immediate reversal,Indicator failure,A
cmlf8ui0u0000os5iqlycmegv,Module 4 - Lesson 1 Quiz,QUIZ,QUIZ,LESSON,1,"If price briefly trades above equal highs and returns below, this alone confirms structural breakout continuation.",TRUE,FALSE,Only in trends,Only in ranges,B
cmlf8ui0u0000os5iqlycmegv,Module 4 - Lesson 1 Quiz,QUIZ,QUIZ,LESSON,1,"Equal highs on M5 may not align clearly on H1, demonstrating timeframe dependency.",TRUE,FALSE,Market inconsistency,Spread distortion,A
cmlf8ui0u0000os5iqlycmegv,Module 4 - Lesson 1 Quiz,QUIZ,QUIZ,LESSON,1,Assuming equal lows must always hold as support ignores that structural zones do not guarantee outcome.,TRUE,FALSE,Improves neutrality,Eliminates volatility,A
cmlf8ui0u0000os5iqlycmegv,Module 4 - Lesson 2 Quiz,QUIZ,QUIZ,LESSON,2,A liquidity sweep occurs when price moves beyond a visible liquidity cluster and triggers resting stop orders.,TRUE,FALSE,Only indicator event,Spread anomaly,A
cmlf8ui0u0000os5iqlycmegv,Module 4 - Lesson 2 Quiz,QUIZ,QUIZ,LESSON,2,"At Level 1, a sweep is confirmed only after closed-bar confirmation.",TRUE,FALSE,Intrabar spike is sufficient,Indicator crossover required,A
cmlf8ui0u0000os5iqlycmegv,Module 4 - Lesson 2 Quiz,QUIZ,QUIZ,LESSON,2,A sweep often returns back inside prior structure rather than immediately continuing.,TRUE,FALSE,Always continues,Never returns,A
cmlf8ui0u0000os5iqlycmegv,Module 4 - Lesson 2 Quiz,QUIZ,QUIZ,LESSON,2,Stop-loss orders triggered during a sweep become market orders.,TRUE,FALSE,Limit orders,Pending orders,A
cmlf8ui0u0000os5iqlycmegv,Module 4 - Lesson 2 Quiz,QUIZ,QUIZ,LESSON,2,A sweep guarantees immediate structural reversal.,TRUE,FALSE,Only in ranges,Only in trends,B
cmlf8ui0u0000os5iqlycmegv,Module 4 - Lesson 2 Quiz,QUIZ,QUIZ,LESSON,2,"When price moves beyond equal highs and closes back below, this most directly indicates a liquidity sweep.",TRUE,FALSE,Confirmed breakout,Trend continuation,A
cmlf8ui0u0000os5iqlycmegv,Module 4 - Lesson 2 Quiz,QUIZ,QUIZ,LESSON,2,Sweeps occur mechanically due to order clustering and stop activation.,TRUE,FALSE,Institutional manipulation only,Indicator repainting,A
cmlf8ui0u0000os5iqlycmegv,Module 4 - Lesson 2 Quiz,QUIZ,QUIZ,LESSON,2,A strong break that closes beyond structure and forms new HH/LL most likely represents breakout continuation rather than sweep.,TRUE,FALSE,Always sweep,Random spike,A
cmlf8ui0u0000os5iqlycmegv,Module 4 - Lesson 2 Quiz,QUIZ,QUIZ,LESSON,2,Assuming every sweep results in reversal ignores structural context.,TRUE,FALSE,Improves discipline,Reduces risk,A
cmlf8ui0u0000os5iqlycmegv,Module 4 - Lesson 2 Quiz,QUIZ,QUIZ,LESSON,2,"In a range, sweeps often occur near range boundaries.",TRUE,FALSE,At midpoint,Random levels,A
cmlf8ui0u0000os5iqlycmegv,Module 4 - Lesson 2 Quiz,QUIZ,QUIZ,LESSON,2,A sweep without closed-bar confirmation should not be structurally classified at Level 1.,TRUE,FALSE,Always valid,Never valid,A
cmlf8ui0u0000os5iqlycmegv,Module 4 - Lesson 2 Quiz,QUIZ,QUIZ,LESSON,2,"On MT5 H1, price spikes above equal highs but closes back below. Structurally this is classified as a sweep.",TRUE,FALSE,Breakout,New trend,A
cmlf8ui0u0000os5iqlycmegv,Module 4 - Lesson 2 Quiz,QUIZ,QUIZ,LESSON,2,"If price closes above equal highs and forms higher highs, this is more consistent with breakout continuation than sweep.",TRUE,FALSE,Always sweep,Range only,A
cmlf8ui0u0000os5iqlycmegv,Module 4 - Lesson 2 Quiz,QUIZ,QUIZ,LESSON,2,"A sweep visible on M5 may not significantly alter structure on H1, demonstrating timeframe dependency.",TRUE,FALSE,Market inconsistency,Spread anomaly,A
cmlf8ui0u0000os5iqlycmegv,Module 4 - Lesson 2 Quiz,QUIZ,QUIZ,LESSON,2,Entering automatically after every sweep expecting reversal reflects misinterpretation of liquidity events.,TRUE,FALSE,Improves neutrality,Reduces bias,A
cmlf8ui0u0000os5iqlycmegv,Module 4 - Lesson 3 Quiz,QUIZ,QUIZ,LESSON,3,A liquidity pool is a price zone where a concentration of resting orders is likely clustered.,TRUE,FALSE,Indicator gap,Spread zone,A
cmlf8ui0u0000os5iqlycmegv,Module 4 - Lesson 3 Quiz,QUIZ,QUIZ,LESSON,3,Liquidity pools are inferred from visible structural reference points.,TRUE,FALSE,Only from indicators,Only from news,A
cmlf8ui0u0000os5iqlycmegv,Module 4 - Lesson 3 Quiz,QUIZ,QUIZ,LESSON,3,Liquidity pools should be treated as approximate zones rather than exact pip-precise lines.,TRUE,FALSE,Exact lines only,Immediate entry levels,A
cmlf8ui0u0000os5iqlycmegv,Module 4 - Lesson 3 Quiz,QUIZ,QUIZ,LESSON,3,"Liquidity pools may contain stop-loss, stop-entry, and limit orders.",TRUE,FALSE,Only stop-loss orders,No executable orders,A
cmlf8ui0u0000os5iqlycmegv,Module 4 - Lesson 3 Quiz,QUIZ,QUIZ,LESSON,3,Liquidity pools commonly form above prior swing highs or below prior swing lows.,TRUE,FALSE,Only at midpoint,Randomly,A
cmlf8ui0u0000os5iqlycmegv,Module 4 - Lesson 3 Quiz,QUIZ,QUIZ,LESSON,3,Liquidity pools differ from equal highs/lows because they represent broader order clustering zones.,TRUE,FALSE,Smaller zones only,Guaranteed reversal,A
cmlf8ui0u0000os5iqlycmegv,Module 4 - Lesson 3 Quiz,QUIZ,QUIZ,LESSON,3,"When price enters a liquidity pool, the outcome is not predetermined.",TRUE,FALSE,Always reversal,Always continuation,A
cmlf8ui0u0000os5iqlycmegv,Module 4 - Lesson 3 Quiz,QUIZ,QUIZ,LESSON,3,"In a range, liquidity pools often form near range boundaries.",TRUE,FALSE,At midpoint only,Only during news,A
cmlf8ui0u0000os5iqlycmegv,Module 4 - Lesson 3 Quiz,QUIZ,QUIZ,LESSON,3,Liquidity pools visible on higher timeframes generally carry broader structural relevance.,TRUE,FALSE,Less relevance,No relevance,A
cmlf8ui0u0000os5iqlycmegv,Module 4 - Lesson 3 Quiz,QUIZ,QUIZ,LESSON,3,Assuming all liquidity pools must be filled reflects deterministic bias.,TRUE,FALSE,Improves neutrality,Reduces risk,A
cmlf8ui0u0000os5iqlycmegv,Module 4 - Lesson 3 Quiz,QUIZ,QUIZ,LESSON,3,Liquidity pools are related to trader order placement behavior around obvious structure.,TRUE,FALSE,Orders are random,Only institutions place orders,A
cmlf8ui0u0000os5iqlycmegv,Module 4 - Lesson 3 Quiz,QUIZ,QUIZ,LESSON,3,"On MT5 H1, multiple swing highs align over several sessions. The zone above them most likely represents a liquidity pool.",TRUE,FALSE,Guaranteed breakout,Indicator failure,A
cmlf8ui0u0000os5iqlycmegv,Module 4 - Lesson 3 Quiz,QUIZ,QUIZ,LESSON,3,Price enters a liquidity pool and consolidates rather than reversing. This shows liquidity interaction is structurally contextual.,TRUE,FALSE,Always reversal,Structure invalid,A
cmlf8ui0u0000os5iqlycmegv,Module 4 - Lesson 3 Quiz,QUIZ,QUIZ,LESSON,3,"A liquidity pool visible on H1 may appear insignificant on M5, demonstrating timeframe dependency.",TRUE,FALSE,Market inconsistency,Spread anomaly,A
cmlf8ui0u0000os5iqlycmegv,Module 4 - Lesson 3 Quiz,QUIZ,QUIZ,LESSON,3,Entering automatically whenever price touches a liquidity pool reflects misinterpretation of liquidity zones as signals.,TRUE,FALSE,Improves discipline,Reduces exposure,A
cmlf8ui0u0000os5iqlycmegv,Module 4 - Lesson 4 Quiz,QUIZ,QUIZ,LESSON,4,A Fair Value Gap (FVG) represents an imbalance created by strong displacement.,TRUE,FALSE,Broker pricing error,Spread anomaly,A
cmlf8ui0u0000os5iqlycmegv,Module 4 - Lesson 4 Quiz,QUIZ,QUIZ,LESSON,4,A basic FVG is identified using a three-candle structure.,TRUE,FALSE,Two-candle pattern,Indicator crossover,A
cmlf8ui0u0000os5iqlycmegv,Module 4 - Lesson 4 Quiz,QUIZ,QUIZ,LESSON,4,"In a bullish FVG, imbalance exists between Candle 1 high and Candle 3 low.",TRUE,FALSE,Between Candle 2 and 3 only,At midpoint only,A
cmlf8ui0u0000os5iqlycmegv,Module 4 - Lesson 4 Quiz,QUIZ,QUIZ,LESSON,4,FVG formation is primarily associated with aggressive order flow and displacement.,TRUE,FALSE,Slow consolidation,Indicator repainting,A
cmlf8ui0u0000os5iqlycmegv,Module 4 - Lesson 4 Quiz,QUIZ,QUIZ,LESSON,4,The presence of an FVG guarantees price will return to fill it.,TRUE,FALSE,Only in trends,Only in ranges,B
cmlf8ui0u0000os5iqlycmegv,Module 4 - Lesson 4 Quiz,QUIZ,QUIZ,LESSON,4,An imbalance exists when there is a gap between Candle 1 and Candle 3 price ranges.,TRUE,FALSE,When candles overlap fully,When spread widens,A
cmlf8ui0u0000os5iqlycmegv,Module 4 - Lesson 4 Quiz,QUIZ,QUIZ,LESSON,4,FVG differs from liquidity pools because it represents inefficient price travel during displacement.,TRUE,FALSE,Order clustering only,Range boundary only,A
cmlf8ui0u0000os5iqlycmegv,Module 4 - Lesson 4 Quiz,QUIZ,QUIZ,LESSON,4,"In strong trends, imbalance zones may remain partially or fully unfilled.",TRUE,FALSE,Always fully filled,Never form,A
cmlf8ui0u0000os5iqlycmegv,Module 4 - Lesson 4 Quiz,QUIZ,QUIZ,LESSON,4,FVG relevance depends on timeframe context.,TRUE,FALSE,Timeframe irrelevant,Spread dependent,A
cmlf8ui0u0000os5iqlycmegv,Module 4 - Lesson 4 Quiz,QUIZ,QUIZ,LESSON,4,Evaluating FVG without considering structural sequence may lead to misinterpretation.,TRUE,FALSE,Improves precision,Reduces bias,A
cmlf8ui0u0000os5iqlycmegv,Module 4 - Lesson 4 Quiz,QUIZ,QUIZ,LESSON,4,FVG presence alone does not override existing HH/HL or LL/LH structure.,TRUE,FALSE,Always overrides,Structure irrelevant,A
cmlf8ui0u0000os5iqlycmegv,Module 4 - Lesson 4 Quiz,QUIZ,QUIZ,LESSON,4,"On MT5 H1, a strong displacement candle creates a visible three-candle imbalance. This indicates an FVG.",TRUE,FALSE,Liquidity pool only,Equal highs,A
cmlf8ui0u0000os5iqlycmegv,Module 4 - Lesson 4 Quiz,QUIZ,QUIZ,LESSON,4,Price partially fills an FVG and continues trending. This demonstrates imbalance behavior is not deterministic.,TRUE,FALSE,Always fully fills,Structure invalid,A
cmlf8ui0u0000os5iqlycmegv,Module 4 - Lesson 4 Quiz,QUIZ,QUIZ,LESSON,4,"An FVG visible on M5 may not be significant on H1, illustrating timeframe dependency.",TRUE,FALSE,Market inconsistency,Spread anomaly,A
cmlf8ui0u0000os5iqlycmegv,Module 4 - Lesson 4 Quiz,QUIZ,QUIZ,LESSON,4,Automatically entering whenever price reaches an FVG reflects misinterpretation of imbalance as a trade signal.,TRUE,FALSE,Improves neutrality,Reduces risk,A
cmlf8ui0u0000os5iqlycmegv,Module 4 - Lesson 5 Quiz,QUIZ,QUIZ,LESSON,5,Premium and discount describe relative price position within a defined range.,TRUE,FALSE,Indicator signal,Spread behavior,A
cmlf8ui0u0000os5iqlycmegv,Module 4 - Lesson 5 Quiz,QUIZ,QUIZ,LESSON,5,Equilibrium refers to the 50% midpoint of a defined range.,TRUE,FALSE,Highest price,Lowest price,A
cmlf8ui0u0000os5iqlycmegv,Module 4 - Lesson 5 Quiz,QUIZ,QUIZ,LESSON,5,Price above the midpoint of a defined range is considered premium.,TRUE,FALSE,Discount,Imbalance,A
cmlf8ui0u0000os5iqlycmegv,Module 4 - Lesson 5 Quiz,QUIZ,QUIZ,LESSON,5,Price below the midpoint of a defined range is considered discount.,TRUE,FALSE,Premium,Liquidity pool,A
cmlf8ui0u0000os5iqlycmegv,Module 4 - Lesson 5 Quiz,QUIZ,QUIZ,LESSON,5,Premium/discount analysis requires clearly defined high and low boundaries.,TRUE,FALSE,Indicator crossover,News release,A
cmlf8ui0u0000os5iqlycmegv,Module 4 - Lesson 5 Quiz,QUIZ,QUIZ,LESSON,5,Premium/discount positioning alone does not determine directional outcome.,TRUE,FALSE,Always reversal,Always continuation,A
cmlf8ui0u0000os5iqlycmegv,Module 4 - Lesson 5 Quiz,QUIZ,QUIZ,LESSON,5,Being in premium automatically invalidates an existing uptrend.,TRUE,FALSE,Only in ranges,Only in trends,B
cmlf8ui0u0000os5iqlycmegv,Module 4 - Lesson 5 Quiz,QUIZ,QUIZ,LESSON,5,Premium/discount must be evaluated alongside structural sequence (HH/HL/LL/LH).,TRUE,FALSE,Structure irrelevant,Spread dependent,A
cmlf8ui0u0000os5iqlycmegv,Module 4 - Lesson 5 Quiz,QUIZ,QUIZ,LESSON,5,Premium/discount relevance is timeframe dependent.,TRUE,FALSE,Timeframe irrelevant,Indicator dependent,A
cmlf8ui0u0000os5iqlycmegv,Module 4 - Lesson 5 Quiz,QUIZ,QUIZ,LESSON,5,Assuming automatic reversal in discount reflects deterministic bias.,TRUE,FALSE,Improves neutrality,Reduces risk,A
cmlf8ui0u0000os5iqlycmegv,Module 4 - Lesson 5 Quiz,QUIZ,QUIZ,LESSON,5,Equilibrium represents a mathematical midpoint rather than a guaranteed reaction zone.,TRUE,FALSE,Always reverses,Always breaks,A
cmlf8ui0u0000os5iqlycmegv,Module 4 - Lesson 5 Quiz,QUIZ,QUIZ,LESSON,5,"On MT5 H1, price is above the 50% midpoint of a defined swing range. Structurally, price is in premium.",TRUE,FALSE,In discount,In imbalance,A
cmlf8ui0u0000os5iqlycmegv,Module 4 - Lesson 5 Quiz,QUIZ,QUIZ,LESSON,5,Price is in discount but continues forming LL/LH sequence. This shows structure remains primary over location.,TRUE,FALSE,Discount guarantees reversal,Midpoint invalidates trend,A
cmlf8ui0u0000os5iqlycmegv,Module 4 - Lesson 5 Quiz,QUIZ,QUIZ,LESSON,5,"On M15 price appears in discount, while on H1 it is in premium. This illustrates timeframe-dependent range definition.",TRUE,FALSE,Market inconsistency,Spread anomaly,A
cmlf8ui0u0000os5iqlycmegv,Module 4 - Lesson 5 Quiz,QUIZ,QUIZ,LESSON,5,Automatically buying whenever price reaches discount reflects misinterpretation of relative pricing as a trade signal.,TRUE,FALSE,Improves discipline,Reduces exposure,A
cmlf8ui0u0000os5iqlycmegv,Module 5 - Lesson 1 Quiz,QUIZ,QUIZ,LESSON,1,Position sizing is primarily designed to:,Maximize profit,Control potential loss,Increase leverage,Increase trade frequency,B
cmlf8ui0u0000os5iqlycmegv,Module 5 - Lesson 1 Quiz,QUIZ,QUIZ,LESSON,1,Risk amount is calculated using:,Margin availability,Account equity × Risk %,Target × Lot size,Spread × Volume,B
cmlf8ui0u0000os5iqlycmegv,Module 5 - Lesson 1 Quiz,QUIZ,QUIZ,LESSON,1,"$10,000 account risking 1% equals:",$10 ,$50 ,$100 ,$500 ,C
cmlf8ui0u0000os5iqlycmegv,Module 5 - Lesson 1 Quiz,QUIZ,QUIZ,LESSON,1,Position size must be determined after:,Target set,Stop distance defined,Spread checked,News released,B
cmlf8ui0u0000os5iqlycmegv,Module 5 - Lesson 1 Quiz,QUIZ,QUIZ,LESSON,1,Margin alone is sufficient for risk control.,TRUE,FALSE,Sometimes,Only in FX,B
cmlf8ui0u0000os5iqlycmegv,Module 5 - Lesson 1 Quiz,QUIZ,QUIZ,LESSON,1,"If stop increases and risk fixed, position size must:",Increase,Stay same,Decrease,Double,C
cmlf8ui0u0000os5iqlycmegv,Module 5 - Lesson 1 Quiz,QUIZ,QUIZ,LESSON,1,"If stop halves and risk fixed, position size must:",Halve,Stay same,Increase,Eliminate risk,C
cmlf8ui0u0000os5iqlycmegv,Module 5 - Lesson 1 Quiz,QUIZ,QUIZ,LESSON,1,Stop distance and position size relationship is:,Direct,Inverse,Random,Fixed,B
cmlf8ui0u0000os5iqlycmegv,Module 5 - Lesson 1 Quiz,QUIZ,QUIZ,LESSON,1,Risk % should be based on:,Emotion,Leverage,System & drawdown tolerance,Social advice,C
cmlf8ui0u0000os5iqlycmegv,Module 5 - Lesson 1 Quiz,QUIZ,QUIZ,LESSON,1,"If risk fixed at $200 and stop doubles, total risk:",Doubles,Halves,Remains $200,Unpredictable,C
cmlf8ui0u0000os5iqlycmegv,Module 5 - Lesson 1 Quiz,QUIZ,QUIZ,LESSON,1,Increasing lot after loss without adjusting % is:,Neutral,Disciplined,Risk escalation,Optimization,C
cmlf8ui0u0000os5iqlycmegv,Module 5 - Lesson 1 Quiz,QUIZ,QUIZ,LESSON,1,"$15,000 risking 2% equals:",$150 ,$200 ,$300 ,$500 ,C
cmlf8ui0u0000os5iqlycmegv,Module 5 - Lesson 1 Quiz,QUIZ,QUIZ,LESSON,1,"$10k risk 1%, stop 50 pips, $10 pip value lot size:",0.1,0.2,0.5,1,B
cmlf8ui0u0000os5iqlycmegv,Module 5 - Lesson 1 Quiz,QUIZ,QUIZ,LESSON,1,"$20k risk 1%, stop 100 pips, $10 pip lot size:",0.1,0.2,0.5,1,B
cmlf8ui0u0000os5iqlycmegv,Module 5 - Lesson 1 Quiz,QUIZ,QUIZ,LESSON,1,"If stop halves and risk fixed, lot size will:",Halve,Double,Stay same,Zero risk,B
cmlf8ui0u0000os5iqlycmegv,Module 5 - Lesson 2 Quiz,QUIZ,QUIZ,LESSON,2,R:R measures:,Frequency,Loss vs Gain relationship,Leverage,Spread,B
cmlf8ui0u0000os5iqlycmegv,Module 5 - Lesson 2 Quiz,QUIZ,QUIZ,LESSON,2,"Risk $100, reward $200 equals:",1:01,1:02,2:01,1:03,B
cmlf8ui0u0000os5iqlycmegv,Module 5 - Lesson 2 Quiz,QUIZ,QUIZ,LESSON,2,R:R alone guarantees profit.,TRUE,FALSE,Sometimes,In trends,B
cmlf8ui0u0000os5iqlycmegv,Module 5 - Lesson 2 Quiz,QUIZ,QUIZ,LESSON,2,Expectancy measures:,Max profit,Average outcome,Biggest win,Leverage,B
cmlf8ui0u0000os5iqlycmegv,Module 5 - Lesson 2 Quiz,QUIZ,QUIZ,LESSON,2,Transaction costs affect effective R:R.,TRUE,FALSE,Only demo,Only indices,A
cmlf8ui0u0000os5iqlycmegv,Module 5 - Lesson 2 Quiz,QUIZ,QUIZ,LESSON,2,Risk $150 reward $450 equals:,1:02,1:03,3:01,1:01,B
cmlf8ui0u0000os5iqlycmegv,Module 5 - Lesson 2 Quiz,QUIZ,QUIZ,LESSON,2,Break-even win rate formula:,Win×R:R,1/(1+R:R),R:R/Win,Risk×Reward,B
cmlf8ui0u0000os5iqlycmegv,Module 5 - Lesson 2 Quiz,QUIZ,QUIZ,LESSON,2,1:1 R:R break-even ≈,25%,33%,50%,66%,C
cmlf8ui0u0000os5iqlycmegv,Module 5 - Lesson 2 Quiz,QUIZ,QUIZ,LESSON,2,Higher R:R allows:,Lower win rate,Guaranteed profit,Zero DD,No journal,A
cmlf8ui0u0000os5iqlycmegv,Module 5 - Lesson 2 Quiz,QUIZ,QUIZ,LESSON,2,Artificial stop reduction may:,Guarantee profit,Distort structure,Remove loss,Increase leverage,B
cmlf8ui0u0000os5iqlycmegv,Module 5 - Lesson 2 Quiz,QUIZ,QUIZ,LESSON,2,70% win 1:0.5 R:R may:,Be profitable,Always lose,Guarantee growth,Zero DD,A
cmlf8ui0u0000os5iqlycmegv,Module 5 - Lesson 2 Quiz,QUIZ,QUIZ,LESSON,2,1:2 R:R break-even ≈,25%,33%,40%,50%,B
cmlf8ui0u0000os5iqlycmegv,Module 5 - Lesson 2 Quiz,QUIZ,QUIZ,LESSON,2,"40% win, $100 risk, $300 reward expectancy is:",Negative,Zero,Positive,Unknown,C
cmlf8ui0u0000os5iqlycmegv,Module 5 - Lesson 2 Quiz,QUIZ,QUIZ,LESSON,2,"25% win, 1:3 R:R break-even is:",Above 25%,Exactly 25%,Below 25%,50%,B
cmlf8ui0u0000os5iqlycmegv,Module 5 - Lesson 2 Quiz,QUIZ,QUIZ,LESSON,2,Ignoring win rate leads to:,Guaranteed profit,Incomplete expectancy,Reduced risk,Zero DD,B
cmlf8ui0u0000os5iqlycmegv,Module 5 - Lesson 3 Quiz,QUIZ,QUIZ,LESSON,3,Drawdown measures:,Profit,Equity decline from peak,Trades count,Spread,B
cmlf8ui0u0000os5iqlycmegv,Module 5 - Lesson 3 Quiz,QUIZ,QUIZ,LESSON,3,Drawdown calculated from:,Deposit,Peak to current equity,Margin,Trades,B
cmlf8ui0u0000os5iqlycmegv,Module 5 - Lesson 3 Quiz,QUIZ,QUIZ,LESSON,3,Equity drawdown includes:,Closed only,Floating loss,Spread,Commission,B
cmlf8ui0u0000os5iqlycmegv,Module 5 - Lesson 3 Quiz,QUIZ,QUIZ,LESSON,3,Balance drawdown excludes:,Closed loss,Floating loss,Deposit,Withdrawal,B
cmlf8ui0u0000os5iqlycmegv,Module 5 - Lesson 3 Quiz,QUIZ,QUIZ,LESSON,3,Large drawdowns are harder to recover.,TRUE,FALSE,Sometimes,In demo,A
cmlf8ui0u0000os5iqlycmegv,Module 5 - Lesson 3 Quiz,QUIZ,QUIZ,LESSON,3,$10k to $9k drawdown:,5%,8%,10%,12%,C
cmlf8ui0u0000os5iqlycmegv,Module 5 - Lesson 3 Quiz,QUIZ,QUIZ,LESSON,3,$10k to $7k drawdown:,20%,25%,30%,35%,C
cmlf8ui0u0000os5iqlycmegv,Module 5 - Lesson 3 Quiz,QUIZ,QUIZ,LESSON,3,30% DD recovery ≈,30%,35%,42%,60%,C
cmlf8ui0u0000os5iqlycmegv,Module 5 - Lesson 3 Quiz,QUIZ,QUIZ,LESSON,3,Higher risk accelerates:,Win rate,Equity contraction,Spread,Margin,B
cmlf8ui0u0000os5iqlycmegv,Module 5 - Lesson 3 Quiz,QUIZ,QUIZ,LESSON,3,Four 5% losses increase:,Win rate,Equity risk,Spread,Margin,B
cmlf8ui0u0000os5iqlycmegv,Module 5 - Lesson 3 Quiz,QUIZ,QUIZ,LESSON,3,Drawdown tolerance must be predefined.,TRUE,FALSE,Optional,After losses,A
cmlf8ui0u0000os5iqlycmegv,Module 5 - Lesson 3 Quiz,QUIZ,QUIZ,LESSON,3,Increasing lot during DD most likely:,Stabilizes,Accelerates loss,Guarantees recovery,Improves expectancy,B
cmlf8ui0u0000os5iqlycmegv,Module 5 - Lesson 3 Quiz,QUIZ,QUIZ,LESSON,3,Ignoring equity hides:,Clarity,Exposure risk,Volatility,Win rate,B
cmlf8ui0u0000os5iqlycmegv,Module 5 - Lesson 3 Quiz,QUIZ,QUIZ,LESSON,3,50% DD requires:,50%,60%,75%,100%,D
cmlf8ui0u0000os5iqlycmegv,Module 5 - Lesson 3 Quiz,QUIZ,QUIZ,LESSON,3,Reducing risk during DD may:,Eliminate loss,Improve survival,Guarantee profit,Increase leverage,B
cmlf8ui0u0000os5iqlycmegv,Module 5 - Lesson 4 Quiz,QUIZ,QUIZ,LESSON,4,Trading psychology studies:,Motivation,Decision behavior under uncertainty,Prediction,Emotion stories,B
cmlf8ui0u0000os5iqlycmegv,Module 5 - Lesson 4 Quiz,QUIZ,QUIZ,LESSON,4,Loss aversion means:,Prefer small wins,Losses hurt more,Avoid journal,Ignore risk,B
cmlf8ui0u0000os5iqlycmegv,Module 5 - Lesson 4 Quiz,QUIZ,QUIZ,LESSON,4,Recency bias means:,Long-term focus,Recent results dominate,Fixed risk,Drawdown control,B
cmlf8ui0u0000os5iqlycmegv,Module 5 - Lesson 4 Quiz,QUIZ,QUIZ,LESSON,4,Overconfidence often causes:,Reduced risk,Discipline,Unjustified size increase,Expectancy gain,C
cmlf8ui0u0000os5iqlycmegv,Module 5 - Lesson 4 Quiz,QUIZ,QUIZ,LESSON,4,Process evaluation focuses on:,Profit,Comfort,Rule adherence,Win rate,C
cmlf8ui0u0000os5iqlycmegv,Module 5 - Lesson 4 Quiz,QUIZ,QUIZ,LESSON,4,Increasing lot after loss reflects:,Discipline,Neutrality,Emotional reaction,Optimization,C
cmlf8ui0u0000os5iqlycmegv,Module 5 - Lesson 4 Quiz,QUIZ,QUIZ,LESSON,4,Psychological instability rises as DD:,Falls,Constant,Increases,Ends,C
cmlf8ui0u0000os5iqlycmegv,Module 5 - Lesson 4 Quiz,QUIZ,QUIZ,LESSON,4,Confirmation bias leads to:,Accept invalidation,Seek confirming info,Reduce risk,Close loss fast,B
cmlf8ui0u0000os5iqlycmegv,Module 5 - Lesson 4 Quiz,QUIZ,QUIZ,LESSON,4,Risk discipline reduces:,Uncertainty,Loss,Exposure stress,Spread,C
cmlf8ui0u0000os5iqlycmegv,Module 5 - Lesson 4 Quiz,QUIZ,QUIZ,LESSON,4,Winning outside rules is:,Safe,Dangerous,Neutral,Skill proof,B
cmlf8ui0u0000os5iqlycmegv,Module 5 - Lesson 4 Quiz,QUIZ,QUIZ,LESSON,4,Psychological stability comes from:,Suppression,Prediction,Predefined risk,Leverage,C
cmlf8ui0u0000os5iqlycmegv,Module 5 - Lesson 4 Quiz,QUIZ,QUIZ,LESSON,4,Removing stop increases:,Stability,Win rate,Unbounded risk,Expectancy,C
cmlf8ui0u0000os5iqlycmegv,Module 5 - Lesson 4 Quiz,QUIZ,QUIZ,LESSON,4,Doubling size after wins reflects:,Discipline,Recency bias,Neutrality,Structure,B
cmlf8ui0u0000os5iqlycmegv,Module 5 - Lesson 4 Quiz,QUIZ,QUIZ,LESSON,4,Rule-followed loss is:,Failure,Mistake,Process compliant,Invalid system,C
cmlf8ui0u0000os5iqlycmegv,Module 5 - Lesson 4 Quiz,QUIZ,QUIZ,LESSON,4,Ignoring journal in DD causes:,Clarity,Less bias,Distortion,Expectancy,C
cmlf8ui0u0000os5iqlycmegv,Module 5 - Lesson 5 Quiz,QUIZ,QUIZ,LESSON,5,Trading journal is a:,Motivation book,Prediction log,Performance data system,Diary,C
cmlf8ui0u0000os5iqlycmegv,Module 5 - Lesson 5 Quiz,QUIZ,QUIZ,LESSON,5,MT5 does NOT record:,Entry,Exit,Risk %,P/L,C
cmlf8ui0u0000os5iqlycmegv,Module 5 - Lesson 5 Quiz,QUIZ,QUIZ,LESSON,5,R measures performance relative to:,Balance,Risk per trade,Target,Spread,B
cmlf8ui0u0000os5iqlycmegv,Module 5 - Lesson 5 Quiz,QUIZ,QUIZ,LESSON,5,1R equals:,Equity,Win,Predefined risk,Target,C
cmlf8ui0u0000os5iqlycmegv,Module 5 - Lesson 5 Quiz,QUIZ,QUIZ,LESSON,5,No journal makes expectancy:,Automatic,Precise,Guesswork,Guaranteed,C
cmlf8ui0u0000os5iqlycmegv,Module 5 - Lesson 5 Quiz,QUIZ,QUIZ,LESSON,5,Recording only wins causes:,Accuracy,Distortion,Discipline,Lower DD,B
cmlf8ui0u0000os5iqlycmegv,Module 5 - Lesson 5 Quiz,QUIZ,QUIZ,LESSON,5,R-multiples allow:,Ignore size,Normalize performance,No loss,Prediction,B
cmlf8ui0u0000os5iqlycmegv,Module 5 - Lesson 5 Quiz,QUIZ,QUIZ,LESSON,5,Journal fields enable:,Emotion,Structural analysis,Margin,Spread only,B
cmlf8ui0u0000os5iqlycmegv,Module 5 - Lesson 5 Quiz,QUIZ,QUIZ,LESSON,5,Stopping journal in DD hides:,Clarity,Weakness,Bias,Profit,B
cmlf8ui0u0000os5iqlycmegv,Module 5 - Lesson 5 Quiz,QUIZ,QUIZ,LESSON,5,Journal provides:,Comfort,Feedback loop,Prediction,Signal,B
cmlf8ui0u0000os5iqlycmegv,Module 5 - Lesson 5 Quiz,QUIZ,QUIZ,LESSON,5,Rule tracking identifies:,Broker issue,Discipline consistency,Spread,Indicator,B
cmlf8ui0u0000os5iqlycmegv,Module 5 - Lesson 5 Quiz,QUIZ,QUIZ,LESSON,5,"Risk $100, profit $250 equals:",+1R,+2R,+2.5R,+3R,C
cmlf8ui0u0000os5iqlycmegv,Module 5 - Lesson 5 Quiz,QUIZ,QUIZ,LESSON,5,"Risk $100, loss $100 equals:",-0.5R,-1R,-2R,0R,B
cmlf8ui0u0000os5iqlycmegv,Module 5 - Lesson 5 Quiz,QUIZ,QUIZ,LESSON,5,Average +0.3R over 50 trades suggests:,Guarantee,Positive average outcome,Zero DD,100% win,B
cmlf8ui0u0000os5iqlycmegv,Module 5 - Lesson 5 Quiz,QUIZ,QUIZ,LESSON,5,Ignoring rule tracking limits:,Emotion,Accountability,Spread,Targets,B
